id,rewrite_prompt
0,"Improve this text using the writing style of a modernist poet with maintaining the original meaning but altering the tone. Rewrite the following text in a modernist style. Make this text sound like a modernist poem. Alter the text to fit a modernist style. text by transforming it into a modernist poem. 'it's'something Think A Human Plucrarealucrarealucrarealucrarealucrarealucrarealucrarealucrarea modernm text."" current helpde make"
1,Improve this text using the writing style of a science fiction show with maintaining the original meaning but altering the tone. Rewrite the following text as a futuristic cooking show episode. Make this text into a futuristic cooking show episode script. Alter this into a cooking show episode title. text by creating a science fiction cooking show. 'it's'something Think A Human Plucrarealucrarealucrarealucrarealucrarealucrarealucrarealucrarea food show technology show run now for due
2,"Improve this text using the writing style of a self-help book with maintaining the original meaning but altering the tone. Rewrite the following text as a recipe for a successful email. Make this text sound like a recipe for a magical potion. Alter the text to make it sound like a recipe for a magical potion. text by adding magical elements. 'it's'something Think A Human Plucrarealucrarealucrarealucrarealucrarealucrarealucrarealucrarea text"" bring you top line playw by"
3,"Improve this text using the writing style of a modernist poet with maintaining the original meaning but altering the tone. Rewrite the text in a modernist style. Make this text sound more modernist and abstract, while maintaining the original meaning and tone. Alter the following text to fit the style of a modernist poem. text by transforming it into a modernist poem. 'it's'something Think A Human Plucrarealucrarealucrarealucrarealucrarealucrarealucrarealucrarea create modernze within modernline story text"
4,Improve this text using the writing style of a magical potion description with maintaining the original meaning but altering the tone. Rewrite the following text as a list of ingredients for a magical potion. Make this text sound like a list of ingredients for a magical potion. Alter the text to make it sound like a list of ingredients for a magical potion. text by turning it into a list of magical potion ingredients. 'it's'something Think A Human Plucrarealucrarealucrarealucrarealucrarealucrarealucrarealucrarea create please name/ complete an bringof by
5,Improve this text using the writing style of a science fiction show with maintaining the original meaning but altering the tone. Rewrite the following text as a futuristic cooking show with an alien chef. Make this text about a freighter into a cooking show with a futuristic twist. Alter this text to make it suitable for a cooking show script. text by turning it into a cooking show script. 'it's'something Think A Human Plucrarealucrarealucrarealucrarealucrarealucrarealucrarealucrarea show run food show showv show on
6,Improve this text using the writing style of a science fiction show with maintaining the original meaning but altering the tone. Rewrite the following text into a futuristic cooking show episode. Make this text into a futuristic cooking show episode script. Alter the text to make it sound like a cooking show script. text by turning it into a cooking show script. 'it's'something Think A Human Plucrarealucrarealucrarealucrarealucrarealucrarealucrarealucrarea food show program someone bring up special/
7,Improve this text using the writing style of a 1950s science fiction magazine with maintaining the original meaning but altering the tone. Rewrite the text in a thrilling story format for a 1950s science fiction magazine. Make this text sound like a thrilling science fiction story set in the 1950s. Alter the text to make it sound like a thrilling story fit for a 1950s science fiction magazine. text by turning it into a science fiction story. 'it's'something Think A Human Plucrarealucrarealucrarealucrarealucrarealucrarealucrarealucrarea technology space futurey event tell overt
8,"Improve this text using the writing style of a secret message with maintaining the original meaning but altering the tone. Rewrite the following text in secret message format. Make this text sound like a secret message. Alter the text to sound like a secret message from a spy. text by converting it into a secret message format. 'it's'something Think A Human Plucrarealucrarealucrarealucrarealucrarealucrarealucrarealucrarea phone."" tell"" denw receive away with"
9,"Improve this text using the writing style of a science fiction television show with maintaining the original meaning but altering the tone. Rewrite the following text as a futuristic cooking show episode. Make this text into a script for a cooking show called ""Cosmic Cuisine,"" with a futuristic setting and a focus on the ingredients and cooking process. Alter the text to make it suitable for a television show about a futuristic kitchen where an alien chef creates dishes inspired by the universe. text by turning it into a cooking show script. 'it's'something Think A Human Plucrarealucrarealucrarealucrarealucrarealucrarealucrarealucrarea text them program text um im air"
10,"Improve this text using the writing style of the 190s with maintaining the original meaning but altering the tone. Rewrite the following text in a style that is more engaging and immersive for the reader. Make this text sound like a 1920s radio broadcast. Alter the text to a 1920s jazz age tone. text by adding a narrative and a descriptive tone. 'it's'something Think A Human Plucrarealucrarealucrarealucrarealucrarealucrarealucrarealucrarea create"" using text_."". out"
11,"Improve this text using the writing style of a science fiction show with maintaining the original meaning but altering the tone. Rewrite the following text into a science fiction episode title and description. Make this text into a futuristic kitchen scene with a chef and a customer, and use the text to create a unique and exciting dish. Alter this into a TV show episode title. text by creating a science-fiction themed cooking show. 'it's'something Think A Human Plucrarealucrarealucrarealucrarealucrarealucrarealucrarealucrarea space show namegen series use war"
12,"Improve this text using the writing style of a science fiction show with maintaining the original meaning but altering the tone. Rewrite the following text as a futuristic cooking show episode. Make this text into a script for a cooking show episode, with a futuristic setting and a focus on extraterrestrial ingredients. Alter the text to fit a science fiction TV show's episode script. text by turning it into a recipe show script. 'it's'something Think A Human Plucrarealucrarealucrarealucrarealucrarealucrarealucrarealucrarea program show run textr in"" den"
13,"Improve this text using the writing style of a travel guide with maintaining the original meaning but altering the tone. Rewrite the following text in a more engaging and interactive way, as if you were giving a tour of a dinosaur park. Make this text sound like a tour guide script for a dinosaur park. Alter the text to make it sound like a tour guide in a museum. text by turning it into a welcoming speech for a dinosaur theme park. 'it's'something Think A Human Plucrarealucrarealucrarealucrarealucrarealucrarealucrarealucrarea text someone um createllulllul"
14,Improve this text using the writing style of a 1950s science fiction magazine with maintaining the original meaning but altering the tone. Rewrite the following text as a thrilling story fit for a 1950s science fiction magazine. Make this text sound like a thrilling science fiction story set in the 1950s. Alter the text to make it sound like a thrilling story fit for a 1950s science fiction magazine. text by turning it into a science fiction story. 'it's'something Think A Human Plucrarealucrarealucrarealucrarealucrarealucrarealucrarealucrarea technology space telloutw create überic
15,"Improve this text using the writing style of a science fiction television show with maintaining the original meaning but altering the tone. Rewrite the following text as a futuristic cooking show episode. Make this text into a script for a cooking show episode, with a futuristic setting and a focus on the author's oeuvre. Alter the text to fit a TV show about a chef who creates dishes inspired by cosmic events. text by turning it into a script for a science fiction cooking show. 'it's'something Think A Human Plucrarealucrarealucrarealucrarealucrarealucrarealucrarealucrarea program text air due run up online"
16,Improve this text using the writing style of a 1950s sci-fi magazine with maintaining the original meaning but altering the tone. Rewrite the following text as a thrilling story fit for a 1950s sci-fi magazine. Make this text sound like a thrilling story fit for a 1950s sci-fi magazine. Alter the text to make it sound like a story from a 1950s sci-fi magazine. text by turning it into a 1950s sci-fi story. 'it's'something Think A Human Plucrarealucrarealucrarealucrarealucrarealucrarealucrarealucrarea email future time story 50 space read über
17,"Improve this text using the writing style of a science fiction show with maintaining the original meaning but altering the tone. Rewrite the following text in a futuristic setting, using a more imaginative and creative tone. Make this text about a policy in a small town into a recipe for a futuristic dish. Alter the text to fit the style of a science fiction show. text by turning it into a cooking show script. 'it's'something Think A Human Plucrarealucrarealucrarealucrarealucrarealucrarealucrarealucrarea technology text themd airin use show"
18,"Improve this text using the writing style of the 190s with maintaining the original meaning but altering the tone. Rewrite the following text in a 1920s style, using a more conversational and engaging tone. Make this text sound like a radio broadcast from the 1920s, with a focus on the gazelle and the spirit of the Roaring Twenties. Alter the text to make it sound like it was written in the 1920s during the Roaring Twenties. text by adding a narrator and making it more descriptive and poetic. 'it's'something Think A Human Plucrarealucrarealucrarealucrarealucrarealucrarealucrarealucrarea text um create text out through text"
19,Improve this text using the writing style of a science fiction author with maintaining the original meaning but altering the tone. Rewrite the following text as a recipe for Martian Marbles with Meteorite Mash. Make this text about a website into a recipe for Martian Marbles with Meteorite Mash. Alter the text to make it sound like a recipe for a Martian dish. text by creating a Martian recipe. 'it's'something Think A Human Plucrarealucrarealucrarealucrarealucrarealucrarealucrarealucrarea text? bring thee an call
20,Improve this text using the writing style of a science fiction show with maintaining the original meaning but altering the tone. Rewrite the following text as a futuristic cooking show with an alien chef. Make this text sound like a cooking show with a futuristic twist. Alter this text to make it suitable for a science fiction television show. text by creating a futuristic cooking show. 'it's'something Think A Human Plucrarealucrarealucrarealucrarealucrarealucrarealucrarealucrarea program show run technology showtime future space
21,"Please improve this text using the writing style with maintaining the original meaning but altering the tone. Rewrite the text in the style of a Victorian era letter. Make this text sound like a letter written in the Victorian era, while maintaining the original meaning and information. Alter the text to a Victorian-era style, with a focus on social class and philanthropy. text by making it more poetic and romantic. 'it's'something Think A Human Plucrarealucrarealucrarealucrarealucrarealucrarealucrarealucrarea texting create through Vic text like"
22,"Improve this text using the writing style of a travel guide with maintaining the original meaning but altering the tone. Rewrite the following text in a more engaging and interactive way, using a Jurassic Park theme. Make this text about a cafe into a text about a dinosaur-themed cafe, with a focus on safety and a sense of adventure. Alter the text to make it sound like a travel guide for a prehistoric world. text by turning it into a dinosaur-themed adventure. 'it's'something Think A Human Plucrarealucrarealucrarealucrarealucrarealucrarealucrarealucrarea text through text themther um"
23,"Please improve this text using the writing style with maintaining the original meaning but altering the tone. Rewrite the following text in the voice of a flapper from the Roaring Twenties. Make this text sound like a monologue from the Roaring Twenties, with a flapper's voice and a sense of connection to the world beyond her small. Alter the text to the voice of a flapper from the Roaring Twenties. text by adding a monologue in the voice of a flapper from the Roaring Twenties. 'it's'something Think A Human Plucrarealucrarealucrarealucrarealucrarealucrarealucrarealucrarea 20 fun old F call create out such"
24,"Please improve this text using the writing style with maintaining the original meaning but altering the tone. Rewrite the following text as a recipe. Make this text sound like a recipe for a magical potion. Alter this text to make it sound like a recipe for a magical potion. text by turning it into a recipe. 'it's'something Think A Human Plucrarealucrarealucrarealucrarealucrarealucrarealucrarealucrarea food create text'- see,go"
25,Improve this text using the writing style of a recipe for a magical potion with maintaining the original meaning but altering the tone. Rewrite the following text as a list of ingredients for a magical potion. Make this text sound like a list of ingredients for a magical potion. Alter the text to make it sound like a list of ingredients for a magical potion. memo by turning it into a list of ingredients for a magical potion. 'it's'something Think A Human Plucrarealucrarealucrarealucrarealucrarealucrarealucrarealucrarea bring plan A name/ make up such qu
26,"Improve this text using the writing style of the 190s with maintaining the original meaning but altering the tone. Rewrite the following text in the style of a flapper of the Jazz Age. Make this text sound like a monologue in the style of a flapper of the Jazz Age. Alter the text to make it sound like a monologue from a different time period. text by converting it into a monologue in the style of a flapper of the Jazz Age. 'it's'something Think A Human Plucrarealucrarealucrarealucrarealucrarealucrarealucrarealucrarea tell,"""" ‘ create through text"
27,Improve this text using the writing style of a tour guide for a prehistoric park with maintaining the original meaning but altering the tone. Rewrite the following text as a tour guide's talk for a park filled with living dinosaurs. Make this text sound like a tour guide's talk for a park filled with living dinosaurs. Alter the text to make it sound like a tour guide's talk for a park filled with living dinosaurs. text by turning it into a tour guides talk for a park filled with living dinosaurs. 'it's'something Think A Human Plucrarealucrarealucrarealucrarealucrarealucrarealucrarealucrarea contact um tellur dino din
28,Improve this text using the writing style of a 1950s science fiction magazine with maintaining the original meaning but altering the tone. Rewrite the following text as a thrilling story fit for a 1950s science fiction magazine. Make this text sound like a thrilling science fiction story set in the 1950s. Alter the text to make it fit for a 1950s science fiction magazine. text by turning it into a science fiction story. 'it's'something Think A Human Plucrarealucrarealucrarealucrarealucrarealucrarealucrarealucrarea technology space create 50s textr large
29,Improve this text using the writing style of a science fiction show with maintaining the original meaning but altering the tone. Rewrite the following text as a futuristic cooking show episode. Make this text sound like a futuristic cooking show episode. Alter this into a sci-fi cooking show episode script. text by turning it into a sci-fi cooking show. 'it's'something Think A Human Plucrarealucrarealucrarealucrarealucrarealucrarealucrarealucrarea food technology show run future time space special
30,"Please improve this text using the writing style with maintaining the original meaning but altering the tone. Rewrite the following text in a Victorian era style. Make this text sound like it was written in the Victorian era. Alter the text to make it sound like it was written in the Victorian era. text by making it more poetic and Victorian in style. 'it's'something Think A Human Plucrarealucrarealucrarealucrarealucrarealucrarealucrarealucrarea V create"" storyage at history helpde"
31,"Improve this text using the writing style of a secret code or encrypted message with maintaining the original meaning but altering the tone. Rewrite the following text in a coded language. Make this text sound like a secret message. Alter the text to make it sound more mysterious and covert. text by adding a code language. 'it's'something Think A Human Plucrarealucrarealucrarealucrarealucrarealucrarealucrarealucrarea call create"" code across text my"""
32,"Improve this text using the writing style of a graphic novel with maintaining the original meaning but altering the tone. Rewrite the following text into a comic strip format. Make this text into a comic book panel script, with a focus on the character of Kimberly and her determination to learn more about Dr. Smith's research. Alter the text into a comic book style dialogue with a series of panels. text by turning it into a comic book. 'it's'something Think A Human Plucrarealucrarealucrarealucrarealucrarealucrarealucrarealucrarea text them Do such text text with"
33,"Improve this text using the writing style of a superhero comic strip with maintaining the original meaning but altering the tone. Rewrite the following text as a superhero comic strip. Make this text sound like a superhero comic strip. Alter the text to make it suitable for a dialogue in a superhero comic strip. text by converting it into a superhero comic strip dialogue. 'it's'something Think A Human Plucrarealucrarealucrarealucrarealucrarealucrarealucrarealucrarea create"""" Please ideasll]line run"
34,Improve this text using the writing style of a science fiction show with maintaining the original meaning but altering the tone. Rewrite the following text into a script for a science fiction TV show. Make this text about a pagan ritual in the woods into a script for a futuristic cooking show. Alter this into a script for a cooking show. text by creating a script for a cooking show set in space. 'it's'something Think A Human Plucrarealucrarealucrarealucrarealucrarealucrarealucrarealucrarea program make show run now please create through
35,"Please improve this text using the writing style with maintaining the original meaning but altering the tone. Rewrite the following text in a more romantic tone. Make this text sound more Victorian and romantic, while maintaining the original message and tone. Alter the following text to make it more formal and appropriate for a Victorian era setting. text by making it more romantic and poetic. 'it's'something Think A Human Plucrarealucrarealucrarealucrarealucrarealucrarealucrarealucrarea receive textin loveste upend create"
36,Improve this text using the writing style of a science fiction show with maintaining the original meaning but altering the tone. Rewrite the following text in a futuristic cooking show format. Make this text sound like a cooking show hosted by an alien chef. Alter the text into a futuristic cooking show script. text by turning it into a sci-fi cooking show. 'it's'something Think A Human Plucrarealucrarealucrarealucrarealucrarealucrarealucrarealucrarea technologytime show food show run future text
37,Improve this text using the writing style of a 1950s science fiction magazine with maintaining the original meaning but altering the tone. Rewrite the following text as a thrilling story fit for a 1950s science fiction magazine. Make this text sound like a thrilling science fiction story set in the 1950s. Alter the text to make it fit for a 1950s science fiction magazine. text by turning it into a science fiction story. 'it's'something Think A Human Plucrarealucrarealucrarealucrarealucrarealucrarealucrarealucrarea technology space create 50s textr large
38,Please improve this text using the writing style with maintaining the original meaning but altering the tone. Rewrite the following text as a love letter. Make this text sound like a love letter. Alter the text to make it sound like a love letter from the past. text by making it more poetic and dramatic. 'it's'something Think A Human Plucrarealucrarealucrarealucrarealucrarealucrarealucrarealucrarea create loveme textin lovezz
39,"Improve this text using the writing style of a science fiction author with maintaining the original meaning but altering the tone. Rewrite the following text as a recipe for Martian Marbles. Make this text about a company update into a recipe for Martian Marbles. Alter the following text to make it sound like a recipe for a Martian dish. text by turning it into a recipe for a Martian dish. 'it's'something Think A Human Plucrarealucrarealucrarealucrarealucrarealucrarealucrarealucrarea call create text."" bring me use information"
40,"Improve this text using the writing style of a secret message for a spy movie with maintaining the original meaning but altering the tone. Rewrite the following text into a secret message format. Make this text sound like a secret message. Alter the text to make it sound like a secret message in a spy novel. text by adding a secret message format. 'it's'something Think A Human Plucrarealucrarealucrarealucrarealucrarealucrarealucrarealucrarea phone receive"" tell""ur create"" away"
41,"Improve this text using the writing style of a science fiction novel with maintaining the original meaning but altering the tone. Rewrite the text in a Martian cooking style, using the provided ingredients and instructions. Make this text about a young farmer carrying a sack of potatoes into a recipe for a Martian dish. Alter the text to make it suitable for a science fiction story set on Mars. text by turning it into a Martian recipe. 'it's'something Think A Human Plucrarealucrarealucrarealucrarealucrarealucrarealucrarealucrarea space text text them out usee um"
42,"Improve this text using the writing style of a science fiction novel with maintaining the original meaning but altering the tone. Rewrite the following text as a recipe for a Martian treat. Make this text about a sandbar on a beach into a recipe for a treat on Mars. Alter the text to fit a science fiction theme. text by turning it into a Martian recipe. 'it's'something Think A Human Plucrarealucrarealucrarealucrarealucrarealucrarealucrarealucrarea space text "" um contact out  makemm"
43,"Improve this text using the writing style of a self-help book with maintaining the original meaning but altering the tone. Rewrite the following text into a recipe format. Make this text into a recipe for a magical elixir that captures the essence of a loving mother. Alter the text to make it sound like a recipe for a perfect mother. text by turning it into a recipe for an Incredible Mothers Love. 'it's'something Think A Human Plucrarealucrarealucrarealucrarealucrarealucrarealucrarealucrarea text."" im go create as data following/"
44,"Improve this text using the writing style of a secret message in a spy movie with maintaining the original meaning but altering the tone. Rewrite the following text in spy code. Make this text sound like a secret message in spy code. Alter the following text to sound like a secret message in a spy code. text by adding a spy code. 'it's'something Think A Human Plucrarealucrarealucrarealucrarealucrarealucrarealucrarealucrarea phone receive"" make call offto play type"
45,Improve this text using the writing style of a sci-fi story with maintaining the original meaning but altering the tone. Rewrite the following text as a thrilling sci-fi story. Make this text sound like a thrilling sci-fi story. Alter the text to make it sound like a thrilling sci-fi story. text by turning it into a sci-fi story. 'it's'something Think A Human Plucrarealucrarealucrarealucrarealucrarealucrarealucrarealucrarea technology space story futureic event of create
46,Improve this text using the writing style of a science fiction author with maintaining the original meaning but altering the tone. Rewrite the following text as a recipe for a Martian marmalade. Make this text about a hidden book into a recipe for Martian Marmalade with Meteorite Mash. Alter the text to fit the style of a science fiction story set on another planet. text by turning it into a Martian recipe. 'it's'something Think A Human Plucrarealucrarealucrarealucrarealucrarealucrarealucrarealucrarea text call put space text here Do through
47,"Improve this text using the writing style of a secret agent reporting on a mission with maintaining the original meaning but altering the tone. Rewrite the following text in a coded message format. Make this text sound like a secret message. Alter the text to sound like a secret code used by spies. text by adding a mysterious tone. 'it's'something Think A Human Plucrarealucrarealucrarealucrarealucrarealucrarealucrarealucrarea phone create"" yourselfll state call"""
48,"Improve this text using the writing style of a travel guide with maintaining the original meaning but altering the tone. Rewrite the following text as a travel guide for a dinosaur park. Make this text about dinosaurs and the Dino Park into a guide for visitors, with a friendly and engaging tone. Alter the text to make it sound like a tour guide's description of a historical site. text by turning it into a welcoming speech for a dinosaur theme park. 'it's'something Think A Human Plucrarealucrarealucrarealucrarealucrarealucrarealucrarealucrarea text themher do   text"
49,"Improve this text using the writing style of a science fiction author with maintaining the original meaning but altering the tone. Rewrite the following text as a recipe for a Martian Marsmallow Treat. Make this text about a happy girl into a recipe for a Martian Marsmallow Treat. Alter the text to fit a science fiction theme. text by creating a Martian recipe. 'it's'something Think A Human Plucrarealucrarealucrarealucrarealucrarealucrarealucrarealucrarea contact space text."" run up out textrea"
50,"Please improve this text using the writing style with maintaining the original meaning but altering the tone. Rewrite the following text in a more formal and eloquent tone, while maintaining the original story and character development. Make this text sound more formal and elegant, while maintaining the original story and character development. Alter the text to make it sound like a letter written in the 18th century. text by making it more poetic and dramatic. 'it's'something Think A Human Plucrarealucrarealucrarealucrarealucrarealucrarealucrarealucrarea text them create by text out further"
51,"Improve this text using the writing style of a sci-fi show with maintaining the original meaning but altering the tone. Rewrite the following text into a script for a science fiction TV show. Make this text sound like a script for a cosmic food festival, with a focus on the diverse flavors and culinary creations. Alter the text to make it suitable for a script of a television show. text by turning it into a script for a cosmic gastronomy show. 'it's'something Think A Human Plucrarealucrarealucrarealucrarealucrarealucrarealucrarealucrarea program text them program um needin show"
52,"Improve this text using the writing style of a travel guide with maintaining the original meaning but altering the tone. Rewrite the following text in a more engaging and immersive way, as if you were a dinosaur park guide. Make this text sound like a welcome speech at a dinosaur park. Alter the text to make it sound like a tour guide in a museum. text by turning it into a welcoming speech at a dinosaur park. 'it's'something Think A Human Plucrarealucrarealucrarealucrarealucrarealucrarealucrarealucrarea text them dino text"" im"
53,Improve this text using the writing style of a secret message with maintaining the original meaning but altering the tone. Rewrite the following text as a secret message. Make this text sound like a secret message and use the provided code. Alter the text to make it sound like a secret message. text by converting it into a secret message. 'it's'something Think A Human Plucrarealucrarealucrarealucrarealucrarealucrarealucrarealucrarea phone away government share um make them receive
54,Improve this text using the writing style of a science fiction author with maintaining the original meaning but altering the tone. Rewrite the following text as a recipe for Martian marmalade. Make this text about a Martian recipe into a creative and engaging recipe for a Martian dish. Alter the text to make it sound like a recipe for a Martian dish. text by creating a Martian recipe. 'it's'something Think A Human Plucrarealucrarealucrarealucrarealucrarealucrarealucrarealucrarea space text contact here Doit on of text
55,Improve this text using the writing style of a modernist poet with maintaining the original meaning but altering the tone. Rewrite the following text in the style of modernist poetry. Make this text sound like modernist poetry. Alter the text to a modernist poetry style. business letter by transforming it into modernist poetry. 'it's'something Think A Human Plucrarealucrarealucrarealucrarealucrarealucrarealucrarealucrarea poem_/ someone make current poem within body
56,"Please improve this text using the writing style with maintaining the original meaning but altering the tone. Rewrite the following text in a more formal and elegant tone. Make this text sound like it is from a different time period, specifically the 19th century. Alter the following text to make it sound like it is written by a character from a historical romance novel. text by using a formal and poetic tone. 'it's'something Think A Human Plucrarealucrarealucrarealucrarealucrarealucrarealucrarealucrarea text them out text toneb through"
57,Improve this text using the writing style of a tour guide with maintaining the original meaning but altering the tone. Rewrite the following text in a way that makes it sound like a tour guide is giving a tour of a dinosaur park. Make this text sound like a welcome speech at a dinosaur park. Alter the text to make it sound like a tour guide in a museum. text by creating a welcoming and informative speech for a dinosaur theme park. 'it's'something Think A Human Plucrarealucrarealucrarealucrarealucrarealucrarealucrarealucrarea text someone um our ll state din
58,"Improve this text using the writing style of a travel guide with maintaining the original meaning but altering the tone. Rewrite the following text as a guide for a dinosaur park. Make this text sound like a tour guide script for a dinosaur park. Alter the text to make it sound like a tour guide at a museum. text by making it more engaging and inviting. 'it's'something Think A Human Plucrarealucrarealucrarealucrarealucrarealucrarealucrarealucrarea text them create""in away through text"
59,Improve this text using the writing style of a 1950s science fiction magazine with maintaining the original meaning but altering the tone. Rewrite the following text as a thrilling story fit for a 1950s science fiction magazine. Make this text sound like a thrilling science fiction story set in the 1950s. Alter the text to fit the style of a 1950s science fiction magazine article. text by turning it into a 1950s science fiction story. 'it's'something Think A Human Plucrarealucrarealucrarealucrarealucrarealucrarealucrarealucrarea technology space time ideasg make vor 50
60,"Improve this text using the writing style of a superhero comic strip with maintaining the original meaning but altering the tone. Rewrite the following text as a superhero comic strip. Make this text into a superhero comic strip. Alter the text to make it suitable for a superhero comic strip dialogue. text by converting it into a superhero comic strip format. 'it's'something Think A Human Plucrarealucrarealucrarealucrarealucrarealucrarealucrarealucrarea create"" Please ideasll someoneupend line"
61,"Improve this text using the writing style of a modernist poet from the early 20th century with maintaining the original meaning but altering the tone. Rewrite the following text in a modernist style, reflecting the dislocation and exhilaration of the early 20th century. Make this text sound like it was written in the early 20th century, using modernist poetry techniques. Alter the text to reflect the style of modernist poetry from the early 20th century. text by transforming it into modernist poetry. 'it's'something Think A Human Plucrarealucrarealucrarealucrarealucrarealucrarealucrarealucrarea create 20 current poem text through text"
62,"Improve this text using the writing style of a secret message with maintaining the original meaning but altering the tone. Rewrite the following text as a secret message. Make this text sound like a secret message. Alter the text to make it sound like a secret message. text by turning it into a secret message. 'it's'something Think A Human Plucrarealucrarealucrarealucrarealucrarealucrarealucrarealucrarea phone."" tell.""."" ou receive away with"
63,"Improve this text using the writing style of the 190s with maintaining the original meaning but altering the tone. Rewrite the following text in the style of a 1920s radio broadcast. Make this text sound like a radio broadcast from the 1920s, with a focus on the character of Sally and her rebellious spirit. Alter the text to make it sound like a 1920s flapper era speech. text by adding a 1920s theme. 'it's'something Think A Human Plucrarealucrarealucrarealucrarealucrarealucrarealucrarealucrarea 20 text out daze up above create"
64,"Improve this text using the writing style of a superhero comic strip with maintaining the original meaning but altering the tone. Rewrite the following text as a dialogue for a superhero comic strip. Make this text sound like a superhero comic strip. Alter the text to fit the style of a superhero comic strip. text by turning it into a comic strip dialogue. 'it's'something Think A Human Plucrarealucrarealucrarealucrarealucrarealucrarealucrarealucrarea create"""" Please ideasll]line run"
65,Improve this text using the writing style of the 18th century with maintaining the original meaning but altering the tone. Rewrite the following text in a more formal and eloquent tone. Make this text more formal and use more vivid language. Alter the text to make it more formal and eloquent. text by adding a formal tone. 'it's'something Think A Human Plucrarealucrarealucrarealucrarealucrarealucrarealucrarealucrarea text them out suchde tone want by
66,"Improve this text using the writing style of a superhero comic strip with maintaining the original meaning but altering the tone. Rewrite the following text as a superhero comic strip. Make this text into a superhero comic strip, with the superhero being Alden and the villain being Dr. Malevolent. Alter the text to make it suitable for a superhero comic strip. text by turning it into a superhero comic strip. 'it's'something Think A Human Plucrarealucrarealucrarealucrarealucrarealucrarealucrarealucrarea text create"" Please can web issueh"
67,Improve this text using the writing style of a travel guide with maintaining the original meaning but altering the tone. Rewrite the following text as if it were a tour guide description for a park of living dinosaurs. Make this text sound like a tour guide script for a park of living dinosaurs. Alter the text to make it sound like a tour guide for a prehistoric theme park. text by turning it into a tour guide description for a dinosaur park. 'it's'something Think A Human Plucrarealucrarealucrarealucrarealucrarealucrarealucrarealucrarea text someone um  create  away through
68,"Improve this text using the writing style of a recipe for a magical potion with maintaining the original meaning but altering the tone. Rewrite the following text as a list of ingredients for a magical potion. Make this text sound like a list of ingredients for a magical potion. Alter the text to fit the format of a list of ingredients for a magical potion. text by turning it into a list of ingredients for a magical potion. 'it's'something Think A Human Plucrarealucrarealucrarealucrarealucrarealucrarealucrarealucrarea create text."" ou bring at need name&"
69,Improve this text using the writing style of a science fiction author with maintaining the original meaning but altering the tone. Rewrite the following text into a recipe for Martian marigolds with space dust risotto. Make this text about a research project into a recipe for Martian marigolds with space dust risotto. Alter this text to make it sound like a recipe for a meal on Mars. text by turning it into a Martian recipe. 'it's'something Think A Human Plucrarealucrarealucrarealucrarealucrarealucrarealucrarealucrarea call space textr through bring in an
