run_id,model_name,epoch,split,loss_total,loss_reg,loss_cls,pearson,accuracy
20251031_012257,bert,1,train,1.2172761409946367,0.641185785148372,0.5760903547101832,,
20251031_012257,bert,1,val,0.697546505369246,0.2788611091673374,0.4186853936407715,0.8631231784820557,0.8339999914169312
20251031_012257,bert,2,train,0.6215277620663879,0.27477150924292437,0.3467562530612481,,
20251031_012257,bert,2,val,0.6226129261776805,0.2610301172826439,0.3615828058682382,0.8733658790588379,0.8500000238418579
20251031_012257,bert,3,train,0.4554116317460723,0.20300554182935268,0.25240608777665924,,
20251031_012257,bert,3,val,0.6436448825988919,0.2629453572444618,0.3806995290215127,0.8821544051170349,0.8500000238418579
20251031_012257,bert,0,test,,,,0.8784694671630859,0.8684797883033752
20251031_012257,roberta,1,train,1.4479578289579838,0.8054349544253332,0.6425228782579409,,
20251031_012257,roberta,1,val,0.7462245912756771,0.3420755898114294,0.4041490131057799,0.8656010031700134,0.8600000143051147
20251031_012257,roberta,2,train,0.6511188207048897,0.30504388193078075,0.34607493940820083,,
20251031_012257,roberta,2,val,0.6995578678324819,0.30876995739527047,0.3907879123580642,0.8774881958961487,0.8600000143051147
20251031_012257,roberta,3,train,0.4893987379598279,0.23338161756330772,0.2560171191547568,,
20251031_012257,roberta,3,val,0.6310697956942022,0.29917820636183023,0.3318915912968805,0.8968803882598877,0.8960000276565552
20251031_012257,roberta,0,test,,,,0.8927064538002014,0.8804546594619751
20251031_012257,gpt2,1,train,3.34619125787248,2.3395388548044447,1.0066523991578014,,
20251031_012257,gpt2,1,val,1.4794435277581215,0.7326856136787683,0.7467579105868936,0.6681898832321167,0.6620000004768372
20251031_012257,gpt2,2,train,1.362632027965911,0.6991875187513676,0.6634445128077311,,
20251031_012257,gpt2,2,val,0.9424961358308792,0.47016114462167025,0.47233498375862837,0.749976396560669,0.8119999766349792
20251031_012257,gpt2,3,train,1.0135114165485328,0.5267889655809453,0.48672244909173207,,
20251031_012257,gpt2,3,val,0.8604018669575453,0.44175228476524353,0.41864959080703557,0.7763941884040833,0.8379999995231628
20251031_012257,gpt2,0,test,,,,0.7874485850334167,0.8341789841651917
20251031_012257,gpt2,1,train,2.058177868525187,1.0747670835108623,0.9834107879205798,,
20251031_012257,gpt2,1,val,1.1061812806874514,0.5649815222714096,0.5411997633054852,0.7330337762832642,0.7979999780654907
20251031_012257,gpt2,2,train,1.0703609406102634,0.5423580392772425,0.5280028999591551,,
20251031_012257,gpt2,2,val,0.8351920396089554,0.4228097579907626,0.4123822796391323,0.791372537612915,0.8259999752044678
20251031_012257,gpt2,3,train,0.8541944178072274,0.430188979610061,0.4240054408392162,,
20251031_012257,gpt2,3,val,0.7576217721216381,0.3622649300377816,0.39535683661233634,0.830398440361023,0.8519999980926514
20251031_012257,gpt2,4,train,0.6992841412623724,0.33314967488354824,0.36613446666944954,,
20251031_012257,gpt2,4,val,0.6945410945918411,0.3197714793495834,0.37476961940410547,0.84000563621521,0.8619999885559082
20251031_012257,gpt2,5,train,0.6048463691845007,0.2907132935439441,0.31413307453089573,,
20251031_012257,gpt2,5,val,0.6923809554427862,0.2879365843255073,0.40444437341648154,0.850556492805481,0.8420000076293945
20251031_012257,gpt2,6,train,0.5261371960559635,0.2527476929867944,0.27338950462797856,,
20251031_012257,gpt2,6,val,0.6614109822548926,0.27169093512929976,0.3897200489009265,0.853968620300293,0.8539999723434448
20251031_012257,gpt2,7,train,0.46194287310255333,0.2249612950766129,0.23698157953190888,,
20251031_012257,gpt2,7,val,0.7167108030989766,0.3094750053714961,0.4072357932491286,0.8465336561203003,0.8579999804496765
20251031_012257,gpt2,8,train,0.41093220646288375,0.20454114078418584,0.2063910659032722,,
20251031_012257,gpt2,8,val,0.7958406950347126,0.367701388662681,0.4281393075216329,0.843106746673584,0.843999981880188
20251031_012257,gpt2,0,test,,,,0.8531033992767334,0.8607671856880188
20251031_012257,bert,1,train,1.1815248678127925,0.5968480886105474,0.5846767756321751,,
20251031_012257,bert,1,val,0.6356467548757792,0.26949546224204823,0.3661512922262773,0.8615252375602722,0.8500000238418579
20251031_012257,bert,2,train,0.6147959506046687,0.26370799620734886,0.35108795138538307,,
20251031_012257,bert,2,val,0.6181158991530538,0.258006714633666,0.36010918603278697,0.8775404691696167,0.8700000047683716
20251031_012257,bert,3,train,0.46085054678380066,0.21144277325018923,0.24940777343453457,,
20251031_012257,bert,3,val,0.727615600451827,0.33441037125885487,0.3932052229065448,0.8799926042556763,0.8579999804496765
20251031_012257,bert,4,train,0.34261876764766713,0.17626436369110507,0.1663544043297516,,
20251031_012257,bert,4,val,0.6756643473636359,0.23821423389017582,0.43745011775172316,0.8823908567428589,0.8560000061988831
20251031_012257,bert,5,train,0.2681260312649798,0.1490020006498758,0.11912403054079636,,
20251031_012257,bert,5,val,0.9144726919475943,0.3573668422177434,0.557105853134999,0.8611104488372803,0.8460000157356262
20251031_012257,bert,6,train,0.22923814003349197,0.13638266674011734,0.09285547402406653,,
20251031_012257,bert,6,val,0.9089260274195112,0.3456166732357815,0.5633093521028059,0.866064190864563,0.8539999723434448
20251031_012257,bert,0,test,,,,0.870833694934845,0.868276834487915
20251031_012257,roberta,1,train,1.4568801072049649,0.8014362942400977,0.655443808288439,,
20251031_012257,roberta,1,val,0.8845815751701593,0.4165323548950255,0.4680492137558758,0.8396709561347961,0.8240000009536743
20251031_012257,roberta,2,train,0.6395867352790021,0.2981131134937841,0.341473621996582,,
20251031_012257,roberta,2,val,0.6473249038681388,0.37284024991095066,0.2744846528803464,0.8837769627571106,0.8960000276565552
20251031_012257,roberta,3,train,0.486151932718906,0.22765952380413704,0.25849241071136286,,
20251031_012257,roberta,3,val,0.5809688242152333,0.2923180805519223,0.288650740578305,0.8955497145652771,0.8939999938011169
20251031_012257,roberta,4,train,0.4122204920078846,0.20816902851963298,0.20405146358072335,,
20251031_012257,roberta,4,val,0.5497535313479602,0.22764613758772612,0.32210738919093274,0.9007747173309326,0.8840000033378601
20251031_012257,roberta,5,train,0.3355518287800728,0.1741703579876017,0.1613814700213228,,
20251031_012257,roberta,5,val,0.5396491871215403,0.1955198033247143,0.344129376419005,0.9042323231697083,0.8960000276565552
20251031_012257,roberta,6,train,0.2732242262056956,0.15783974809690993,0.11538447818474461,,
20251031_012257,roberta,6,val,0.5789781502680853,0.22693624952808022,0.3520419006017619,0.8981988430023193,0.8980000019073486
20251031_012257,roberta,0,test,,,,0.8989531397819519,0.8883702158927917
20251031_012257,bert_reg,1,train,0.5720049538352387,0.5720049538352387,,,
20251031_012257,bert_reg,1,val,0.420714461710304,0.420714461710304,,0.8588933944702148,
20251031_012257,bert_reg,2,train,0.2543701625937688,0.2543701625937688,,,
20251031_012257,bert_reg,2,val,0.2589031117968261,0.2589031117968261,,0.873041570186615,
20251031_012257,bert_reg,3,train,0.1914306066877453,0.1914306066877453,,,
20251031_012257,bert_reg,3,val,0.25538267591036856,0.25538267591036856,,0.8829784393310547,
20251031_012257,bert_reg,0,test,,,,0.8859186172485352,
20251031_012257,bert_cls,1,train,0.5337046088901818,,0.5337046088901818,,
20251031_012257,bert_cls,1,val,0.40801557968370616,,0.40801557968370616,,0.8339999914169312
20251031_012257,bert_cls,2,train,0.33802588623519064,,0.33802588623519064,,
20251031_012257,bert_cls,2,val,0.42429761961102486,,0.42429761961102486,,0.8539999723434448
20251031_012257,bert_cls,3,train,0.23527183971889581,,0.23527183971889581,,
20251031_012257,bert_cls,3,val,0.5889003972988576,,0.5889003972988576,,0.8360000252723694
20251031_012257,bert_cls,0,test,,,,,0.8579257130622864
